[
  {
    "model": "content.page",
    "pk": 1,
    "fields": {
      "slug": "homepage-intro",
      "title": "عندك اختبار قدرات؟ ومحتاج مساعدة!!",
      "content": "منصتنا مخصصة لك, انت فى الطريق الصحيح. اكتشف كيف يمكن لأدواتنا المبتكرة والمدعومة بالذكاء الاصطناعي أن تضعك على طريق النجاح.",
      "content_structured": {
        "hero_title": {
          "admin_title": "العنوان الرئيسي في قسم الهيرو",
          "type": "html",
          "value": "عندك <span class='text-[#e78b48]'>اختبار قدرات؟</span> ومحتاج مساعدة!!"
        },
        "hero_subtitle": {
          "admin_title": "النص الفرعي في قسم الهيرو",
          "type": "textarea",
          "value": "منصتنا مخصصة لك, انت فى الطريق الصحيح. اكتشف كيف يمكن لأدواتنا المبتكرة والمدعومة بالذكاء الاصطناعي أن تضعك على طريق النجاح."
        },
        "main_hero_image": {
          "admin_title": "صورة الهيرو الرئيسية",
          "type": "image",
          "value": "homepage-hero-main"
        },
        "promo_icon": {
          "admin_title": "أيقونة العرض بجانب العنوان",
          "type": "image",
          "value": "homepage-promo-icon"
        }
      },
      "icon_class": null,
      "is_published": true
    }
  },
  {
    "model": "content.page",
    "pk": 2,
    "fields": {
      "slug": "homepage-praise",
      "title": "ماذا قالوا عنا؟",
      "content": "آراء طلابنا هي شهادة نجاحنا. انظر كيف ساعدناهم في تحقيق أهدافهم.",
      "content_structured": {
        "section_title": {
          "admin_title": "عنوان قسم آراء الطلاب",
          "type": "html",
          "value": "ماذا قالوا <span class='text-[#074182] dark:text-[#3D93F5]'>عنا؟</span>"
        },
        "section_subtitle": {
          "admin_title": "النص الفرعي لقسم آراء الطلاب",
          "type": "textarea",
          "value": "آراء طلابنا هي شهادة نجاحنا. انظر كيف ساعدناهم في تحقيق أهدافهم."
        },
        "reviews": {
          "admin_title": "بطاقات آراء الطلاب (مكرر)",
          "type": "repeater",
          "value": [
            {
              "name": "أحمد عبدالله",
              "title": "طالب",
              "quote": "منصة قادر ساعدتني كثيراً في التحضير لاختبار القدرات، شرح واضح وتمارين مفيدة.",
              "avatar_image_slug": null
            },
            {
              "name": "فاطمة الزهراء",
              "title": "طالبة",
              "quote": "التنوع في الأسئلة والاختبارات التجريبية كان ممتازاً، وشعرت بالثقة يوم الاختبار.",
              "avatar_image_slug": null
            },
            {
              "name": "خالد الغامدي",
              "title": "طالب ثانوي",
              "quote": "درجتي ارتفعت 15 درجة بفضل الله ثم بفضل منصة قادر. التحليلات بعد كل اختبار كانت كنز!",
              "avatar_image_slug": null
            },
            {
              "name": "سارة المطيري",
              "title": "طالبة",
              "quote": "أفضل شيء هو التصميم البسيط والواضح. ما تضيع وقتك وأنت تدور على اللي تبغاه، كل شيء مرتب.",
              "avatar_image_slug": null
            },
            {
              "name": "عبدالرحمن الشهري",
              "title": "طالب",
              "quote": "شروحات الفيديو للأسئلة الصعبة فرقت معاي كثير. صرت أفهم الفكرة مو بس أحفظ الإجابة.",
              "avatar_image_slug": null
            },
            {
              "name": "عبدالرحمن الشهري",
              "title": "طالب",
              "quote": "شروحات الفيديو للأسئلة الصعبة فرقت معاي كثير. صرت أفهم الفكرة مو بس أحفظ الإجابة.",
              "avatar_image_slug": null
            }
          ]
        }
      },
      "icon_class": null,
      "is_published": true
    }
  },
  {
    "model": "content.page",
    "pk": 3,
    "fields": {
      "slug": "why-partner",
      "title": "لماذا يجب على العملاء أن يختارونا؟",
      "content": "نحن لا نقدم مجرد منصة، بل شريك نجاح متكامل في رحلتك التعليمية.",
      "content_structured": {
        "section_title": {
          "admin_title": "عنوان قسم 'لماذا نحن'",
          "type": "text",
          "value": "لماذا يجب على العملاء أن يختارونا؟"
        },
        "section_subtitle": {
          "admin_title": "النص الفرعي لقسم 'لماذا نحن'",
          "type": "textarea",
          "value": "ما الذى يجعلنا نتميز عن المنافسين."
        },
        "main_image": {
          "admin_title": "صورة قسم 'لماذا نحن'",
          "type": "image",
          "value": "homepage-advantage-section-image"
        }
      },
      "icon_class": null,
      "is_published": true
    }
  },
  {
    "model": "content.page",
    "pk": 4,
    "fields": {
      "slug": "homepage-cta",
      "title": "دعوة إلى الاشتراك",
      "content": null,
      "content_structured": {
        "title": {
          "admin_title": "عنوان الحث على اتخاذ إجراء",
          "type": "text",
          "value": "هل أنت مستعد للنجاح في اختبار القدرات؟"
        },
        "subtitle": {
          "admin_title": "النص الفرعي للحث على اتخاذ إجراء",
          "type": "textarea",
          "value": "انضم لآلاف الطلاب الذين حققوا أهدافهم مع منصة قادر. ابدأ رحلتك الآن!"
        },
        "button_text": {
          "admin_title": "نص زر الحث على اتخاذ إجراء",
          "type": "text",
          "value": "اشتراك"
        }
      },
      "icon_class": null,
      "is_published": true
    }
  },
  {
    "model": "content.page",
    "pk": 5,
    "fields": {
      "slug": "homepage-about-us",
      "title": "الصفحة الرئيسية قسم من نحن",
      "content": null,
      "content_structured": {
        "section_title": {
          "admin_title": "عنوان قسم 'من نحن'",
          "type": "text",
          "value": "من نحن؟"
        },
        "section_text": {
          "admin_title": "نص قسم 'من نحن'",
          "type": "textarea",
          "value": "هنا يمكنك تقديم نفسك ومن أنت وما القصة التي تريد أن ترويها عن علامتك التجارية أو عملك. هذا النص قابل للتعديل بالكامل من لوحة التحكم."
        },
        "video_url": {
          "admin_title": "رابط فيديو قسم 'من نحن'",
          "type": "url",
          "value": null
        },
        "button_text": {
          "admin_title": "نص زر 'تعرف علينا'",
          "type": "text",
          "value": "تعرف علينا اكثر"
        },
        "video_placeholder_image": {
          "admin_title": "الصورة البديلة للفيديو",
          "type": "image",
          "value": "homepage-about-us-placeholder"
        }
      },
      "icon_class": null,
      "is_published": true
    }
  },
  {
    "model": "content.contentimage",
    "pk": 1,
    "fields": {
      "page": 1,
      "slug": "homepage-hero-main",
      "name": "Homepage Hero Main Image",
      "image": null,
      "alt_text": "طالب يدرس باجتهاد باستخدام منصة قادر لاختبار القدرات"
    }
  },
  {
    "model": "content.contentimage",
    "pk": 2,
    "fields": {
      "page": 1,
      "slug": "homepage-promo-icon",
      "name": "Homepage Promo Icon",
      "image": null,
      "alt_text": "أيقونة منصة قادر"
    }
  },
  {
    "model": "content.contentimage",
    "pk": 3,
    "fields": {
      "page": 3,
      "slug": "homepage-advantage-section-image",
      "name": "Homepage Advantage Section Image",
      "image": null,
      "alt_text": "صورة توضيحية لمميزات منصة قادر"
    }
  },
  {
    "model": "content.contentimage",
    "pk": 4,
    "fields": {
      "page": 5,
      "slug": "homepage-about-us-placeholder",
      "name": "Homepage About Us Video Placeholder",
      "image": null,
      "alt_text": "عرض تقديمي عن منصة قادر"
    }
  },
  {
    "model": "content.homepagefeaturecard",
    "pk": 1,
    "fields": {
      "title": "بنك أسئلة ضخم ومحدث",
      "text": "آلاف الأسئلة التي تغطي جميع أقسام اختبار القدرات الكمي واللفظي.",
      "svg_image": null,
      "icon_class": "fas fa-database",
      "order": 0,
      "is_active": true
    }
  },
  {
    "model": "content.homepagefeaturecard",
    "pk": 2,
    "fields": {
      "title": "اختبارات تجريبية تحاكي الواقع",
      "text": "جرّب بيئة الاختبار الحقيقية وتعرف على مستواك الفعلي قبل الاختبار الرسمي.",
      "svg_image": null,
      "icon_class": "fas fa-file-alt",
      "order": 1,
      "is_active": true
    }
  },
  {
    "model": "content.homepagefeaturecard",
    "pk": 3,
    "fields": {
      "title": "تحليلات أداء ذكية",
      "text": "احصل على تقارير مفصلة بعد كل اختبار لتحديد نقاط القوة والضعف لديك.",
      "svg_image": null,
      "icon_class": "fas fa-chart-line",
      "order": 2,
      "is_active": true
    }
  },
  {
    "model": "content.homepagefeaturecard",
    "pk": 4,
    "fields": {
      "title": "شروحات وحلول مفصلة",
      "text": "لا تكتفِ بالإجابة الصحيحة، بل افهم طريقة الحل مع شروحات واضحة لكل سؤال.",
      "svg_image": null,
      "icon_class": "fas fa-video",
      "order": 3,
      "is_active": true
    }
  },
  {
    "model": "content.homepagefeaturecard",
    "pk": 5,
    "fields": {
      "title": "تحدى أقرانك",
      "text": "تنافس مع زملائك في تحديات مباشرة وحماسية لزيادة الدافعية والمراجعة.",
      "svg_image": null,
      "icon_class": "fas fa-users",
      "order": 4,
      "is_active": true
    }
  },
  {
    "model": "content.homepagefeaturecard",
    "pk": 6,
    "fields": {
      "title": "مدربك الذكي",
      "text": "تعلم عبر المحادثة مع مدربنا الذكي الذي يساعدك في التركيز على نقاط ضعفك.",
      "svg_image": null,
      "icon_class": "fas fa-robot",
      "order": 5,
      "is_active": true
    }
  },
  {
    "model": "content.homepagestatistic",
    "pk": 1,
    "fields": {
      "label": "سؤال تدريبي",
      "value": "3,000+",
      "icon_class": "fas fa-question-circle",
      "order": 0,
      "is_active": true
    }
  },
  {
    "model": "content.homepagestatistic",
    "pk": 2,
    "fields": {
      "label": "طالب مسجل",
      "value": "5,000+",
      "icon_class": "fas fa-user-graduate",
      "order": 1,
      "is_active": true
    }
  },
  {
    "model": "content.homepagestatistic",
    "pk": 3,
    "fields": {
      "label": "اختبار تجريبي مكتمل",
      "value": "10,000+",
      "icon_class": "fas fa-check-double",
      "order": 2,
      "is_active": true
    }
  },
  {
    "model": "content.homepagestatistic",
    "pk": 4,
    "fields": {
      "label": "ساعة من شروحات",
      "value": "300+",
      "icon_class": "fas fa-play-circle",
      "order": 3,
      "is_active": true
    }
  },
  {
    "model": "content.homepagestatistic",
    "pk": 5,
    "fields": {
      "label": "نسبة رضا الطلاب",
      "value": "97%",
      "icon_class": "fas fa-smile-beam",
      "order": 4,
      "is_active": true
    }
  },

  {
    "model": "content.page",
    "pk": 6,
    "fields": {
      "slug": "our-story",
      "title": "محتوى صفحة من نحن (القصة)",
      "content": null,
      "content_structured": {
        "hero_title": {
          "admin_title": "العنوان الرئيسي",
          "type": "html",
          "value": "البداية من حلم...<span class='text-[#E78B48]'>والتحقيق معك</span>"
        },
        "hero_subtitle": {
          "admin_title": "النص الفرعي للعنوان الرئيسي",
          "type": "html",
          "value": "فى عالم تتسارع فيه التحديات وتتشابه فيه المنصات, كنا نبحث عن شئ واحد فقط أن نكون <span class='text-[#E78B48]'>مختلفين بحق</span>"
        },
        "story_cards": {
          "admin_title": "بطاقات القصة (3 بطاقات)",
          "type": "repeater",
          "value": [
            {
              "icon_type": "image",
              "icon_value": "our-story-storytelling-icon",
              "text": "بدأت<span class='text-[#E78B48]'>\"قادر\"</span>من إيمان بسيط و عميق فى نفس الوقت: أن كل طالب قادر على الإنجاز...إذا وجد البيئة الصحيحة والدعم المناسب"
            },
            {
              "icon_type": "heroicon",
              "icon_value": "UsersIcon",
              "text": "لم نرد ان نقدم مجرد منصة تعليميةأخرى, بل أردنا أن نبنى مجتمعا<span class='text-[#E78B48]'>يتعلم, يشارك, ويكبر سويا.</span>"
            },
            {
              "icon_type": "image",
              "icon_value": "our-story-greeting-icon",
              "text": "جمعنا بين البساطة و التقنية, بين المناهج الدقيقة و الاختبارات الذكية<span class='text-[#E78B48]'>من أجلك أنت.</span>"
            }
          ]
        },
        "main_promo_image": {
          "admin_title": "صورة الهاتف الترويجية الكبيرة",
          "type": "image",
          "value": "our-story-phone-promo"
        },
        "why_different_title": {
          "admin_title": "عنوان قسم 'لماذا نحن مختلفون'",
          "type": "text",
          "value": "لماذا نحن مختلفون؟"
        },
        "why_different_points": {
          "admin_title": "نقاط قسم 'لماذا نحن مختلفون'",
          "type": "repeater",
          "value": [
            { "point": "لأننا نراك قبل أن نرى درجاتك." },
            { "point": "لأننا نفهم أن التعليم ليس بالحفظ, بل فهم وتجربة." },
            { "point": "لأننا نطور المنصة كل يوم بناء على صوتك." },
            { "point": "لأننا لا نبيع المحتوى...بل نبنى ثقة." }
          ]
        },
        "why_different_image": {
          "admin_title": "صورة قسم 'لماذا نحن مختلفون'",
          "type": "image",
          "value": "our-story-laptop-1"
        },
        "mission_title": {
          "admin_title": "عنوان قسم 'رسالتنا'",
          "type": "text",
          "value": "رسالتنا"
        },
        "mission_text": {
          "admin_title": "نص قسم 'رسالتنا'",
          "type": "html",
          "value": "أن نكون دليلك الذكى فى رحلة التعليم, وأن نمنحك الأدوات لتكون دائما...قادر على الفهم, على التقدم, وعلى التميز."
        },
        "mission_image": {
          "admin_title": "صورة قسم 'رسالتنا'",
          "type": "image",
          "value": "our-story-laptop-2"
        }
      },
      "icon_class": null,
      "is_published": true
    }
  },
  {
    "model": "content.contentimage",
    "pk": 5,
    "fields": {
      "page": 6,
      "slug": "our-story-storytelling-icon",
      "name": "About Us Storytelling Icon",
      "image": null,
      "alt_text": "أيقونة القصة"
    }
  },
  {
    "model": "content.contentimage",
    "pk": 6,
    "fields": {
      "page": 6,
      "slug": "our-story-greeting-icon",
      "name": "About Us Greeting Icon",
      "image": null,
      "alt_text": "أيقونة الترحيب"
    }
  },
  {
    "model": "content.contentimage",
    "pk": 7,
    "fields": {
      "page": 6,
      "slug": "our-story-phone-promo",
      "name": "About Us Phone Promo",
      "image": null,
      "alt_text": "عرض تطبيق قادر على الهاتف"
    }
  },
  {
    "model": "content.contentimage",
    "pk": 8,
    "fields": {
      "page": 6,
      "slug": "our-story-laptop-1",
      "name": "About Us Laptop 1",
      "image": null,
      "alt_text": "عرض منصة قادر على اللابتوب"
    }
  },
  {
    "model": "content.contentimage",
    "pk": 9,
    "fields": {
      "page": 6,
      "slug": "our-story-laptop-2",
      "name": "About Us Laptop 2",
      "image": null,
      "alt_text": "عرض آخر لمنصة قادر على اللابتوب"
    }
  },

  {
    "model": "content.page",
    "pk": 7,
    "fields": {
      "slug": "partners-page-content",
      "title": "محتوى صفحة شركاء النجاح",
      "content": null,
      "content_structured": {
        "hero_title": {
          "admin_title": "العنوان الرئيسي للصفحة",
          "type": "text",
          "value": "شركاء النجاح"
        },
        "hero_subtitle": {
          "admin_title": "النص الفرعي للعنوان الرئيسي",
          "type": "textarea",
          "value": "نحن نؤمن بقوة التعاون لتحقيق أهداف أكبر. انضم إلينا في رحلتنا لتمكين الطلاب والمبدعين."
        },
        "why_partner_title": {
          "admin_title": "عنوان قسم 'لماذا الشراكة معنا'",
          "type": "text",
          "value": "لماذا الشراكة معنا؟"
        },
        "why_partner_text": {
          "admin_title": "نص قسم 'لماذا الشراكة معنا'",
          "type": "textarea",
          "value": "نقدم تصميماً جميلاً وتجربة فريدة لدعم طلابك وتحقيق أفضل النتائج. شراكتك معنا تعني الوصول إلى أدوات تحليلية متقدمة ومحتوى تعليمي مبتكر يضمن التفوق والنجاح."
        },
        "why_partner_image": {
          "admin_title": "صورة قسم 'لماذا الشراكة معنا'",
          "type": "image",
          "value": "partners-page-logo"
        }
      },
      "icon_class": null,
      "is_published": true
    }
  },
  {
    "model": "content.PartnerCategory",
    "pk": 1,
    "fields": {
      "name": "شراكة المدارس",
      "description": "نساعد المدارس في تقديم دعم مخصص لطلابهم وتتبع أدائهم بكفاءة.",
      "icon_image": null,
      "google_form_link": "https://forms.gle/your-school-form-link",
      "order": 0,
      "is_active": true
    }
  },
  {
    "model": "content.PartnerCategory",
    "pk": 2,
    "fields": {
      "name": "شراكة المدربين",
      "description": "قم بدمج منصة قادر في برامجك التدريبية وقدم قيمة مضافة لمتدربيك.",
      "icon_image": null,
      "google_form_link": "https://forms.gle/your-trainer-form-link",
      "order": 1,
      "is_active": true
    }
  },
  {
    "model": "content.PartnerCategory",
    "pk": 3,
    "fields": {
      "name": "شراكة سفراء الطلاب",
      "description": "كن سفيراً لمنصة قادر في مجتمعك واحصل على مزايا حصرية.",
      "icon_image": null,
      "google_form_link": "https://forms.gle/your-student-form-link",
      "order": 2,
      "is_active": true
    }
  },
  {
    "model": "content.contentimage",
    "pk": 10,
    "fields": {
      "page": 7,
      "slug": "partners-page-logo",
      "name": "Partners Page Logo Image",
      "image": null,
      "alt_text": "شعار منصة قادر"
    }
  },
  {
    "model": "content.contentimage",
    "pk": 11,
    "fields": {
      "page": null,
      "slug": "partners-icon-school",
      "name": "Partners Icon School",
      "image": null,
      "alt_text": "أيقونة شراكة المدارس"
    }
  },
  {
    "model": "content.contentimage",
    "pk": 12,
    "fields": {
      "page": null,
      "slug": "partners-icon-trainer",
      "name": "Partners Icon Trainer",
      "image": null,
      "alt_text": "أيقونة شراكة المدربين"
    }
  },
  {
    "model": "content.contentimage",
    "pk": 13,
    "fields": {
      "page": null,
      "slug": "partners-icon-student",
      "name": "Partners Icon Student",
      "image": null,
      "alt_text": "أيقونة شراكة الطلاب"
    }
  },

  {
    "model": "content.page",
    "pk": 8,
    "fields": {
      "slug": "faq-page-content",
      "title": "محتوى صفحة الأسئلة الشائعة",
      "content": null,
      "content_structured": {
        "hero_title": {
          "admin_title": "العنوان الرئيسي للصفحة",
          "type": "text",
          "value": "الأسئلة الشائعة"
        },
        "hero_subtitle": {
          "admin_title": "النص الفرعي للعنوان الرئيسي",
          "type": "textarea",
          "value": "لديك سؤال؟ لدينا الإجابة. ابحث عن سؤالك هنا أو تصفح التصنيفات."
        },
        "cta_title": {
          "admin_title": "عنوان قسم 'هل تحتاج مساعدة؟'",
          "type": "text",
          "value": "هل ما زلت تحتاج مساعدة؟"
        },
        "cta_button_text": {
          "admin_title": "نص زر 'تواصل معنا'",
          "type": "text",
          "value": "تواصل معنا"
        }
      },
      "icon_class": null,
      "is_published": true
    }
  },
  {
    "model": "content.faqcategory",
    "pk": 1,
    "fields": { "name": "الطلاب", "order": 0 }
  },
  {
    "model": "content.faqcategory",
    "pk": 2,
    "fields": { "name": "الشراكة", "order": 1 }
  },
  {
    "model": "content.faqcategory",
    "pk": 3,
    "fields": { "name": "التحديات", "order": 2 }
  },
  {
    "model": "content.faqitem",
    "pk": 1,
    "fields": {
      "category": 1,
      "question": "ما هو اختبار القدرات؟",
      "answer": "هو اختبار موحد لجميع خريجي المرحلة الثانوية ليكون معياراً عادلاً ودقيقاً للجميع، مما يساعد الجهات التعليمية فيما بعد الثانوية العامة على اختيار الطلاب الأكثر قدرة على متابعة وتلبية متطلبات الدراسة في تلك الجهات.",
      "is_active": true,
      "order": 0
    }
  },
  {
    "model": "content.faqitem",
    "pk": 2,
    "fields": {
      "category": 1,
      "question": "كيف أستعد للاختبار عبر منصة قادر؟",
      "answer": "توفر منصة قادر بنك أسئلة ضخم، اختبارات تجريبية تحاكي الواقع، تحليلات أداء ذكية، وشروحات فيديو مفصلة لمساعدتك على الاستعداد الأمثل.",
      "is_active": true,
      "order": 1
    }
  },
  {
    "model": "content.faqitem",
    "pk": 3,
    "fields": {
      "category": 1,
      "question": "هل يمكنني تتبع تقدمي في الدراسة؟",
      "answer": "نعم، توفر المنصة لوحة إحصائيات شخصية توضح أدائك في الأقسام المختلفة، متوسط درجاتك، والوقت المستغرق، مما يساعدك على تحديد نقاط القوة والضعف.",
      "is_active": true,
      "order": 2
    }
  },
  {
    "model": "content.faqitem",
    "pk": 4,
    "fields": {
      "category": 2,
      "question": "ما هي أنواع الشراكات المتاحة؟",
      "answer": "نقدم شراكات متنوعة تشمل المدارس، المدربين المستقلين، وسفراء الطلاب. كل نوع من الشراكة له مزايا وبرامج دعم مصممة خصيصاً له.",
      "is_active": true,
      "order": 0
    }
  },
  {
    "model": "content.faqitem",
    "pk": 5,
    "fields": {
      "category": 2,
      "question": "كيف يمكنني تقديم طلب شراكة؟",
      "answer": "يمكنك تقديم طلب شراكة بسهولة عبر زيارة صفحة 'شركاء النجاح' واختيار نوع الشراكة المناسب لك وملء النموذج المخصص.",
      "is_active": true,
      "order": 1
    }
  },
  {
    "model": "content.faqitem",
    "pk": 6,
    "fields": {
      "category": 3,
      "question": "ما هي ميزة 'تحدي الأقران'؟",
      "answer": "'تحدي الأقران' هي ميزة تفاعلية تتيح لك التنافس مع طلاب آخرين في اختبارات قصيرة وممتعة، مما يضيف عنصراً من الحماس والمنافسة لرحلتك التعليمية.",
      "is_active": true,
      "order": 0
    }
  }
]
